Length (Angstrom), Energy (Ha)
2.94954603 , -33.348744148054770
2.7 , -33.377405235850077
2.8 , -33.370688553410098
2.9 , -33.357270743148455
3.0 , -33.339543769046877
3.1 , -33.320479649894480
3.2 , -33.302828426882307
